,Prediction,Actual
0,True,True
1,True,True
2,True,True
3,True,True
4,True,True
5,True,True
6,True,True
7,True,True
8,True,True
9,True,True
10,True,True
11,True,True
12,False,False
13,True,True
14,True,True
15,False,False
16,False,False
17,True,True
18,True,True
19,True,True
20,True,True
21,False,False
22,True,True
23,True,True
24,True,True
25,True,True
26,True,True
27,True,True
28,True,True
29,True,True
30,True,True
31,True,True
32,False,False
33,False,False
34,True,True
35,True,True
36,False,False
37,True,True
38,False,False
39,True,True
40,True,True
41,True,True
42,True,True
43,True,True
44,True,True
45,True,True
46,True,True
47,True,True
48,False,False
49,False,False
50,True,True
51,True,True
52,True,True
53,True,True
54,True,True
55,True,True
56,True,True
57,True,True
58,False,False
59,True,True
60,True,True
61,True,True
62,True,True
63,False,False
64,False,False
65,False,False
66,False,False
67,False,False
68,False,False
69,True,True
70,False,False
71,True,True
72,True,True
73,True,True
74,False,False
75,True,True
76,True,True
77,False,False
78,True,True
79,True,True
80,False,False
81,True,True
82,True,True
83,False,False
84,True,True
85,False,False
86,False,False
87,True,True
88,True,True
89,False,False
90,True,True
91,True,True
92,False,False
93,True,True
94,True,True
95,True,True
96,False,False
97,False,False
98,False,False
99,False,False
100,False,False
101,True,True
102,True,True
103,False,False
104,True,True
105,True,True
106,False,False
107,True,True
108,True,True
109,True,True
110,False,False
111,True,True
112,True,True
113,True,True
114,True,True
115,True,True
116,True,True
117,False,False
118,False,False
119,False,False
120,True,True
121,True,True
122,False,False
123,True,True
124,True,True
125,True,True
126,True,True
127,False,False
128,True,True
129,True,True
130,True,True
131,True,True
132,False,False
133,True,True
134,True,True
135,False,False
136,True,True
137,False,False
138,True,True
139,True,True
140,False,False
141,False,False
142,True,True
143,True,True
144,True,True
145,False,False
146,False,False
147,False,False
148,True,True
149,True,True
150,False,False
151,True,True
152,True,True
153,True,True
154,True,True
155,True,True
156,True,True
157,True,True
158,True,True
159,True,True
160,True,True
161,False,False
162,True,True
163,False,False
164,False,False
165,False,False
166,False,False
167,True,True
168,False,False
169,True,True
170,False,False
171,False,False
172,False,False
173,False,False
174,True,True
175,True,True
176,True,True
177,True,True
178,True,True
179,True,True
180,True,True
181,True,True
182,True,True
183,True,True
184,False,False
185,True,True
186,True,True
187,False,False
188,True,True
189,False,False
190,False,False
191,False,False
192,True,True
193,False,False
194,True,True
195,True,True
196,True,True
197,False,False
198,False,False
199,False,False
200,True,True
201,False,False
202,True,True
203,False,False
204,True,True
205,False,False
206,False,False
207,True,True
208,True,True
209,True,True
210,True,True
211,True,True
212,True,True
213,True,True
214,True,True
215,True,True
216,True,True
217,False,True
218,True,True
219,True,True
220,False,False
221,False,False
222,False,False
223,False,False
224,True,True
225,True,True
226,False,False
227,False,False
228,True,True
229,False,False
230,False,False
231,True,True
232,True,True
233,True,True
234,True,True
235,True,True
236,False,False
237,False,False
238,False,False
239,True,True
240,True,True
241,True,True
242,True,True
243,True,True
244,True,True
245,False,False
246,True,True
247,False,False
248,True,True
249,True,True
250,False,False
251,True,True
252,True,True
253,True,True
254,True,True
255,True,True
256,True,True
257,True,True
258,True,True
259,False,False
260,True,True
261,False,False
262,True,True
263,True,True
264,False,False
265,True,True
266,True,True
267,True,True
268,True,True
269,True,True
270,True,True
271,False,False
272,True,True
273,True,True
274,True,True
275,True,True
276,False,False
277,True,True
278,True,True
279,False,False
280,True,True
281,True,True
282,True,True
283,False,False
284,True,True
285,True,True
286,True,True
287,False,False
288,True,True
289,False,False
290,True,True
291,False,False
292,False,False
293,False,False
294,False,False
295,True,True
296,True,True
297,False,False
298,False,False
299,True,True
300,True,True
301,True,True
302,True,True
303,True,True
304,True,True
305,True,True
306,True,True
307,True,True
308,False,False
309,True,True
310,True,True
311,True,True
312,True,True
313,True,True
314,False,False
315,False,False
316,True,True
317,True,True
318,True,True
319,True,True
320,True,True
321,False,False
322,False,False
323,True,True
324,True,True
325,False,False
326,True,True
327,False,False
328,True,True
329,False,False
330,False,False
331,True,True
332,False,False
333,True,True
334,True,True
335,True,True
336,True,True
337,True,True
338,True,True
339,False,False
340,True,True
341,True,True
342,True,True
343,True,True
344,False,False
345,True,True
346,True,True
347,False,False
348,True,True
349,False,False
350,True,True
351,True,True
352,False,False
353,True,True
354,False,False
355,True,True
356,False,False
357,True,True
358,True,True
359,True,True
360,True,True
361,True,True
362,False,False
363,True,True
364,True,True
365,True,True
366,False,False
367,False,False
368,True,True
369,True,True
370,True,True
371,False,False
372,True,True
373,True,True
374,True,True
375,True,True
376,False,False
377,True,True
378,True,True
379,True,True
380,False,False
381,False,False
382,False,False
383,True,True
384,False,False
385,True,True
386,False,False
387,False,False
388,False,False
389,False,False
390,True,False
391,False,False
392,False,False
393,True,True
394,True,True
395,True,True
396,True,True
397,True,True
398,False,False
399,False,False
400,False,False
401,True,True
402,True,True
403,False,False
404,False,False
405,False,False
406,True,True
407,False,False
408,True,True
409,True,True
410,False,False
411,True,True
412,True,True
413,True,True
414,True,True
415,False,False
416,False,False
417,True,True
418,True,True
419,False,False
420,False,False
421,True,True
422,True,True
423,True,True
424,False,False
425,False,False
426,False,False
427,False,False
428,True,True
429,True,True
430,True,True
431,False,False
432,True,True
433,False,False
434,True,True
435,True,True
436,False,False
437,True,True
438,True,True
439,True,True
440,False,False
441,False,False
442,True,True
443,True,True
444,False,False
445,False,False
446,True,True
447,False,False
448,False,False
449,True,True
450,True,True
451,True,True
452,True,True
453,False,False
454,True,True
455,True,True
456,True,True
457,True,True
458,False,False
459,True,True
460,False,False
461,True,True
462,True,True
463,True,True
464,True,True
465,True,True
466,False,False
467,True,True
468,False,False
469,False,False
470,True,True
471,False,False
472,False,False
473,True,True
474,True,True
475,True,True
476,False,False
477,False,False
478,True,True
479,True,True
480,True,True
481,True,True
482,False,False
483,True,True
484,True,True
485,True,True
486,True,True
487,False,False
488,False,False
489,True,True
490,False,False
491,False,False
492,False,False
493,False,False
494,False,False
495,False,False
496,True,True
497,True,True
498,False,False
499,True,True
500,True,True
501,True,True
502,False,False
503,True,True
504,False,False
505,True,True
506,True,True
507,True,True
508,True,True
509,False,False
510,True,True
511,True,True
512,True,True
513,True,True
514,True,True
515,True,True
516,False,False
517,True,True
518,True,True
519,False,False
520,False,False
521,True,True
522,True,True
523,False,False
524,False,False
525,True,True
526,True,True
527,True,True
528,True,True
529,False,False
530,False,False
531,False,False
532,True,True
533,False,False
534,True,True
535,True,True
536,True,True
537,True,True
538,False,False
539,False,False
540,False,False
541,True,True
542,True,True
543,False,False
544,False,False
545,True,True
546,True,True
547,True,True
548,False,False
549,True,True
550,True,True
551,True,True
552,True,True
553,False,False
554,True,True
555,True,True
556,False,False
557,True,True
558,True,True
559,False,False
560,False,False
561,True,True
562,True,True
563,True,True
564,True,True
565,False,False
566,True,True
567,True,True
568,True,True
569,True,True
570,True,True
571,True,True
572,True,True
573,True,True
574,True,True
575,True,True
576,True,True
577,True,True
578,False,False
579,True,True
580,False,False
581,True,True
582,True,True
583,False,False
584,False,False
585,True,True
586,True,True
587,False,False
588,False,False
589,True,True
590,False,False
591,False,False
592,True,True
593,False,False
594,False,False
595,True,True
596,True,True
597,True,True
598,True,True
599,True,True
600,False,False
601,False,False
602,False,False
603,True,True
604,True,True
605,True,True
606,False,False
607,False,False
608,True,True
609,True,True
610,True,True
611,True,True
612,True,True
613,True,True
614,True,True
615,True,True
616,False,False
617,True,True
618,True,True
619,False,False
620,True,True
621,False,False
622,False,False
623,True,True
624,False,False
625,True,True
626,True,True
627,False,False
628,True,True
629,True,True
630,True,True
631,False,False
632,False,False
633,False,False
634,True,True
635,True,True
636,False,False
637,False,False
638,True,True
639,False,False
640,True,True
641,True,True
642,False,False
643,True,True
644,False,False
645,True,True
646,True,True
647,True,True
648,True,True
649,True,True
650,True,True
651,False,False
652,True,True
653,True,True
654,True,True
655,False,False
656,False,False
657,True,True
658,True,True
659,True,True
660,True,True
661,True,True
662,True,True
663,True,True
664,False,False
665,False,False
666,True,True
667,False,False
668,False,False
669,True,True
670,False,False
671,False,False
672,True,True
673,True,True
674,False,False
675,True,True
676,False,False
677,False,False
678,True,True
679,True,True
680,True,True
681,True,True
682,True,True
683,True,True
684,True,True
685,False,False
686,True,True
687,True,True
688,True,True
689,True,True
690,False,False
691,True,True
692,False,False
693,False,False
694,True,True
695,False,False
696,False,False
697,True,True
698,True,True
699,False,False
700,True,True
701,True,True
702,True,True
703,False,False
704,False,False
705,True,True
706,False,False
707,False,False
708,True,True
709,True,True
710,True,True
711,True,True
712,True,True
713,False,False
714,True,True
715,True,True
716,True,True
717,True,True
718,False,False
719,True,True
720,True,True
721,True,True
722,True,True
723,False,False
724,False,False
725,False,False
726,True,True
727,True,True
728,True,True
729,False,True
730,True,True
731,True,True
732,True,True
733,True,True
734,True,True
735,True,True
736,True,True
737,False,False
738,True,True
739,False,False
740,True,True
741,True,True
742,True,True
743,False,False
744,False,True
745,True,True
746,True,True
747,False,False
748,True,True
749,False,False
750,True,True
751,True,True
752,True,True
753,False,False
754,True,True
755,True,True
756,True,True
757,False,False
758,False,False
759,True,True
760,True,True
761,True,True
762,True,True
763,True,True
764,True,True
765,False,False
766,True,True
767,True,True
768,True,True
769,True,True
770,True,True
771,True,True
772,True,True
773,True,True
774,True,True
775,True,True
776,True,True
777,True,True
778,True,True
779,True,True
780,False,False
781,False,False
782,False,False
783,True,True
784,False,False
785,False,False
786,False,False
787,True,True
788,False,False
789,True,True
790,True,True
791,True,False
792,False,False
793,True,True
794,False,False
795,True,True
796,False,False
797,False,False
798,False,False
799,True,True
800,False,False
801,True,True
802,True,True
803,False,False
804,True,True
805,True,True
806,True,True
807,False,False
808,True,True
809,False,False
810,True,True
811,True,True
812,True,True
813,True,True
814,False,False
815,False,False
816,False,False
817,False,False
818,True,True
819,True,True
820,True,True
821,False,False
822,False,False
823,True,True
824,False,False
825,True,True
826,True,True
827,False,False
828,True,True
829,False,False
830,True,True
831,True,True
832,False,False
833,True,True
834,True,True
835,True,True
836,True,True
837,True,True
838,True,True
839,False,False
840,True,True
841,False,False
842,False,False
843,False,False
844,False,False
845,True,True
846,True,True
847,True,True
848,False,False
849,True,True
850,True,True
851,False,False
852,True,True
853,True,True
854,False,False
855,False,False
856,True,True
857,True,True
858,True,True
859,False,False
860,False,False
861,True,True
862,False,False
863,True,True
864,True,True
865,False,False
866,True,True
867,False,False
868,False,False
869,True,True
870,False,False
871,True,True
872,False,False
873,True,True
874,False,False
875,True,True
876,True,True
877,True,True
878,True,True
879,True,True
880,False,False
881,False,False
882,True,True
883,False,False
884,False,False
885,False,False
886,True,True
887,False,False
888,True,True
889,True,True
890,True,True
891,True,True
892,False,True
893,True,True
894,False,False
895,True,True
896,False,False
897,False,False
898,False,False
899,True,True
900,True,True
901,False,False
902,False,False
903,False,False
904,True,True
905,True,True
906,False,False
907,True,True
908,True,True
909,True,True
910,False,False
911,True,True
912,True,True
913,False,False
914,True,True
915,False,False
916,True,True
917,True,True
918,False,False
919,True,True
920,True,True
921,True,True
922,True,True
923,True,True
924,True,True
925,False,False
926,True,True
927,True,True
928,True,True
929,True,True
930,True,True
931,True,True
932,True,True
933,False,False
934,True,True
935,True,True
936,False,False
937,False,False
938,True,True
939,True,True
940,False,False
941,True,True
942,True,True
943,True,True
944,False,False
945,True,True
946,True,True
947,False,False
948,True,True
949,False,False
950,True,True
951,True,True
952,True,True
953,True,True
954,False,False
955,True,True
956,True,True
957,False,False
958,False,False
959,False,False
960,True,True
961,False,False
962,True,True
963,True,True
964,True,True
965,True,True
966,True,True
967,True,True
968,False,False
969,True,True
970,True,True
971,True,True
972,True,True
973,True,True
974,True,True
975,True,True
976,False,False
977,False,False
978,True,True
979,True,True
980,True,True
981,False,False
982,True,True
983,False,False
984,True,True
985,False,False
986,True,True
987,True,True
988,True,True
989,True,True
990,True,True
991,True,True
992,True,True
993,True,True
994,True,True
995,True,True
996,True,True
997,True,True
998,False,False
999,False,False
1000,True,True
1001,True,True
1002,False,False
1003,False,False
1004,True,True
1005,True,True
1006,False,False
1007,False,False
1008,False,False
1009,False,False
1010,True,True
1011,False,False
1012,True,True
1013,False,False
1014,True,True
1015,True,True
1016,True,True
1017,True,True
1018,True,True
1019,True,True
1020,False,False
1021,True,True
1022,True,True
1023,True,True
1024,True,True
1025,True,True
1026,True,True
1027,True,True
1028,True,True
1029,False,False
1030,True,True
1031,True,True
1032,True,True
1033,True,True
1034,False,False
1035,False,False
1036,False,False
1037,True,True
1038,True,True
1039,True,True
1040,True,True
1041,True,True
1042,True,True
1043,True,True
1044,False,False
1045,True,True
1046,True,True
1047,False,False
1048,True,True
1049,True,True
1050,True,True
1051,False,False
1052,True,True
1053,True,True
1054,True,True
1055,True,True
1056,True,True
1057,True,True
1058,False,False
1059,True,True
1060,True,True
1061,True,True
1062,True,True
1063,True,True
1064,False,False
1065,True,True
1066,True,True
1067,True,True
1068,True,True
1069,True,True
1070,False,False
1071,False,False
1072,False,False
1073,True,True
1074,False,False
1075,True,True
1076,True,True
1077,False,False
1078,True,True
1079,False,True
1080,True,True
1081,True,True
1082,True,True
1083,True,True
1084,True,True
1085,False,False
1086,False,False
1087,True,True
1088,False,False
1089,False,False
1090,True,True
1091,False,False
1092,True,True
1093,True,True
1094,False,False
1095,True,True
1096,True,True
1097,True,True
1098,False,False
1099,False,False
1100,True,True
1101,True,True
1102,True,True
1103,False,False
1104,True,True
1105,False,False
1106,True,True
1107,True,True
1108,False,False
1109,True,True
1110,False,False
1111,False,False
1112,False,False
1113,False,False
1114,True,True
1115,False,False
1116,True,True
1117,True,True
1118,True,True
1119,True,True
1120,True,True
1121,True,True
1122,False,False
1123,True,True
1124,False,False
1125,True,True
1126,False,False
1127,False,False
1128,True,True
1129,False,False
1130,True,True
1131,True,True
1132,True,True
1133,True,True
1134,False,False
1135,True,True
1136,True,True
1137,True,True
1138,True,True
1139,True,True
1140,True,True
1141,False,False
1142,True,True
1143,True,True
1144,False,False
1145,True,True
1146,False,False
1147,False,False
1148,False,False
1149,False,False
1150,True,True
1151,True,True
1152,True,True
1153,True,True
1154,True,True
1155,True,True
1156,True,True
1157,True,True
1158,True,True
1159,True,False
1160,False,False
1161,False,False
1162,False,False
1163,True,True
1164,True,True
1165,True,True
1166,False,False
1167,True,True
1168,True,True
1169,True,True
1170,True,True
1171,True,True
1172,True,True
1173,False,False
1174,True,True
1175,True,True
1176,False,False
1177,True,True
1178,True,True
1179,True,True
1180,False,False
1181,False,False
1182,True,True
1183,True,True
1184,False,False
1185,False,False
1186,True,True
1187,True,True
1188,True,True
1189,True,True
1190,False,False
1191,True,True
1192,False,True
1193,True,True
1194,True,True
1195,True,True
1196,False,False
1197,False,False
1198,True,True
1199,False,False
1200,False,False
1201,True,True
1202,True,True
1203,True,True
1204,False,False
1205,True,True
1206,False,False
1207,True,True
1208,False,False
1209,False,False
1210,True,True
1211,False,False
1212,True,True
1213,True,True
1214,True,True
1215,True,True
1216,True,True
1217,False,False
1218,True,True
1219,True,True
1220,True,True
1221,True,True
1222,False,False
1223,True,True
1224,True,True
1225,True,True
1226,False,False
1227,False,False
1228,True,True
1229,False,False
1230,False,False
1231,False,False
1232,True,True
1233,True,True
1234,True,True
1235,True,True
1236,False,False
1237,False,False
1238,False,False
1239,True,True
1240,True,True
1241,False,False
1242,True,True
1243,True,True
1244,True,True
1245,True,True
1246,True,True
1247,True,True
1248,True,True
1249,False,False
1250,False,False
1251,True,True
1252,True,True
1253,False,False
1254,True,True
1255,True,True
1256,True,True
1257,False,False
1258,True,True
1259,False,False
1260,False,False
1261,True,True
1262,True,True
1263,False,False
1264,True,True
1265,True,True
1266,True,True
1267,True,True
1268,True,True
1269,True,True
1270,False,False
1271,True,True
1272,True,True
1273,True,True
1274,False,False
1275,True,True
1276,True,True
1277,True,True
1278,True,True
1279,True,True
1280,True,True
1281,False,False
1282,True,True
1283,False,False
1284,True,True
1285,True,True
